Pretoria East,Pretoria North East,Pretoria North West,Pretoria Central Western,Centurion
Alphen Park,Annlin,Amandasig,Atteridgeville,Amberfield
Arcadia,Bellevue,Booysens,Capital Park,Bronberrick
Ashlea Gardens,Bergtuin,Dorandia,Danville,Centurion
Bailey's Muckleneuk,Deerness,Florauna,Daspoort,Christoburg
Brooklyn,Derdepoort,Hermanstad,Elandspoort,Claudius
Brummeria,Derdepoort Park,Kirkney,Eloffsdal,Clubview
Bryntirion,Despatch,Klerksoord,Hermanstad,Cornwall Hill
Clydesdale,Doornpoort,Lotus Gardens,Kwaggasrand,Doringkloof
Colbyn,Eastlynne,Nina Park,Kirkney,Eldoraigne
Constantia Park,Eersterust,Phillip Nel Park,Les Marais,Erasmia
Die Wilgers,Ekklesia,Pretoria Gardens,Mayville,Hennopspark
Eastcliff,Gezina,Pretoria North,Mountain View,Heuweloord
Eastwood,Jan Niemand Park,Proclamation Hill,Pretoria West,Heuwelsig
Elardus Park,Kilner Park,Rosslyn,Proclamation Hill,Highveld
Equestria,Koedoespoort,Suiderberg,Salvokop,Irene
Erasmuskloof,Lyndopark,The Orchards,Weskoppies,Kloofsig
Erasmusrand,Magalieskruin,Theresapark,Wespark,Laudium
Faerie Glen,Mamelodi,Tileba,,"Lyttelton, Lyttelton A.H. and Lyttelton Manor"
Garsfontein,Montana,Wolmer,,Mnandi
Groenkloof,Montana Park,,,Monavoni
Grootfontein,Montana Gardens,,,Olievenhoutbosch
Hatfield,MÃ´regloed,,,Pierre van Ryneveld Park
Hazeldean,Nelmapius,,,Raslouw
Hazelwood,Queenswood,,,Rooihuiskraal
Hillcrest,Rietfontein,,,Rooihuiskraal North
Kilberry,Rietondale,,,Sunderland Ridge
La Montagne,Riviera,,,The Reeds
Lydiana,Silverton,,,Valhalla
Lynnrodene,Silvertondale,,,Verwoerdburgstad
Lynnwood,Sinoville,,,Wierdapark & Wierdapark X2
Lynnwood Glen,Villieria,,,Zwartkop.
Lynnwood Manor,Waltloo,,,Eldo Glen
Lynnwood Park,Waverley,,, Eldo Park
Lynnwood Ridge,Weavind Park,,, Eldo View
Lukasrand,Wonderboom,,, Eldow Meadows
Menlo Park,Wonderboom South,,, Eldow Meadows
Menlyn,,,,
Meyerspark,,,,
Monument Park,,,,
Mooikloof,,,,
Moreleta Park,,,,
Muckleneuk,,,,
Murrayfield,,,,
Nieuw Muckleneuk,,,,
Newlands,,,,
Olympus,,,,
Pretorius Park,,,,
Rietvalleirand,,,,
Shere A.H.,,,,
Silver Lakes,,,,
Sterrewag,,,,
Sunnyside,,,,
Trevenna,,,,
Val de Grace,,,,
Wapadrand,,,,
Waterkloof,,,,
Waterkloof Glen,,,,
Waterkloof Park,,,,
Waterkloof Ridge,,,,
Willow Glen,,,,
Willow Park Manor,,,,
Wingate Park,,,,
Woodhill,,,,
Woodlands,,,,
Zwavelpoort,,,,